{
  "scaler_mean": [
    0.9556379014111216,
    0.241096552114921,
    200966.09938939847
  ],
  "scaler_scale": [
    0.12148579759702496,
    0.13883311543322288,
    143458.90072151212
  ],
  "lr_coef": [
    [
      0.31514031041808666,
      0.950651131512121,
      -0.025421021538201857
    ]
  ],
  "lr_intercept": [
    0.3209655517450473
  ],
  "lr_classes": [
    0,
    1
  ],
  "feature_names": [
    "max_p",
    "d2_js_top5",
    "haloscope_zeta"
  ],
  "d_model_1_7b": 2048
}